job_title,yearly_salary,place,seniority,degree
首席技术执行官CTO,30k-40k,北京 朝阳区 四惠,10年以上,本科
iOS高级开发工程师,20k-30k,北京 朝阳区 CBD,3-5年,本科
技术总监,20k-30k,北京 海淀区 北沙滩,5-10年,本科
PHP,20k-40k,北京 东城区 雍和宫,5-10年,本科
大数据开发工程师,20k-30k,北京 朝阳区 呼家楼,5-10年,本科
产品经理,25k-40k,北京  ,5-10年,本科
高级php工程师,20k-30k,北京 朝阳区 四惠,5-10年,本科
研发VP,50k-65k,北京 朝阳区 四惠,10年以上,本科
产品总监,25k-35k,北京 朝阳区 四惠,5-10年,本科
游戏制作人,30k-40k,北京 朝阳区 北苑,1-3年,本科
Nodejs 开发工程师,25k-30k,北京 朝阳区 建国路,1-3年,本科
Android高级开发工程师,20k-30k,北京 朝阳区 CBD,3-5年,本科
华为云-智能骨干网高级研发工程师,20k-40k,北京 海淀区 上地,3-5年,本科
推荐算法工程师,20k-30k,北京 海淀区 北沙滩,3-5年,硕士
高级 Python 工程师,20k-35k,北京 海淀区 北京大学,1年以内,本科
Java,20k-25k,北京 朝阳区 呼家楼,3-5年,本科
自然语言处理研发工程师,25k-35k,北京 朝阳区 呼家楼,5-10年,本科
Java全栈工程师,20k-25k,北京 朝阳区 建外大街,3-5年,本科
行业研究专家,20k-40k,北京 海淀区 西二旗,经验不限,硕士
内容创意总监,20k-30k,北京 朝阳区 高碑店,经验不限,本科
数据挖掘工程师,15k-25k,北京 朝阳区 高碑店,3-5年,本科
电商供应链总监,20k-40k,北京 朝阳区 望京,5-10年,本科
资深Web工程师,25k-30k,北京 朝阳区 建国路,3-5年,本科
销售总监,20k-30k,北京 朝阳区 潘家园,5-10年,大专
Java高级软件工程师,12k-18k,北京 朝阳区 四惠,5-10年,本科
华为云-资源管理调度主任工程师/专家,30k-60k,北京 海淀区 上地,5-10年,本科
网红/模特/艺人,20k-40k,北京 朝阳区 酒仙桥,经验不限,学历不限
媒介总监,20k-30k,北京 大兴区 亦庄,3-5年,本科
搜索引擎研发工程师,25k-35k,北京 朝阳区 呼家楼,5-10年,本科
PHP开发工程师,15k-20k,北京 朝阳区 望京,3-5年,本科
华为云-AIOps智能运维高级工程师,25k-50k,北京 海淀区 上地,3-5年,本科
软件产品经理,15k-25k,北京 朝阳区 高碑店,3-5年,本科
华为云-云网络高级工程师,20k-40k,北京 海淀区 上地,3-5年,本科
电视节目外联制片/商务制片,20k-30k,北京 朝阳区 朝阳路,1-3年,大专
项目总监,20k-40k,北京  ,3-5年,学历不限
制片人,25k-35k,北京  ,10年以上,本科
副主编,20k-30k,北京 朝阳区 燕莎,5-10年,本科
PHP,20k-25k,北京 朝阳区 朝外,5-10年,本科
产品经理,15k-20k,北京 朝阳区 四惠,3-5年,本科
JAVA Software Development Engineer,15k-30k,北京 朝阳区 高碑店,1-3年,本科
资深时尚编辑,20k-30k,北京 朝阳区 朝阳门,1-3年,本科
项目经理,10k-15k,北京 海淀区 北沙滩,3-5年,本科
AI高级研发工程师,20k-30k,北京 朝阳区 花家地,1-3年,本科
高级PHP工程师,12k-20k,北京 朝阳区 四惠,3-5年,本科
net开发工程师,15k-20k,北京 朝阳区 高碑店,3-5年,本科
web前端,15k-30k,北京 西城区 西直门,1-3年,本科
Java开发工程师,15k-30k,北京 朝阳区 高碑店,5-10年,本科
品牌总监,20k-30k,北京 朝阳区 潘家园,5-10年,本科
性能测试工程师,15k-25k,北京 朝阳区 高碑店,3-5年,本科
区块链学院课程研发总监,40k-60k,北京 朝阳区 北苑,5-10年,本科
Magento开发工程师,15k-30k,北京 朝阳区 高碑店,3-5年,本科
教育品牌加盟总监,20k-25k,北京 海淀区 花园路,3-5年,本科
PHP开发工程师,15k-25k,北京 朝阳区 高碑店,5-10年,本科
舞蹈主播,20k-21k,北京 朝阳区 高碑店,经验不限,学历不限
PHP开发工程师,10k-15k,北京 朝阳区 百子湾,3-5年,大专
web前端,15k-20k,北京 朝阳区 呼家楼,1-3年,本科
IOS开发工程师,15k-20k,北京 朝阳区 望京,3-5年,本科
Android开发工程师,15k-20k,北京 朝阳区 望京,3-5年,本科
系统测试工程师,12k-20k,北京 朝阳区 高碑店,3-5年,本科
商学院课程开发总监,20k-40k,北京 朝阳区 燕莎,3-5年,本科
文案,5k-6k,上海 徐汇区 上海南站,1-3年,大专
文案,4k-7k,成都 龙泉驿区 洪河,1-3年,大专
文案,6k-12k,广州 天河区 珠江新城,1年以内,本科
文案,6k-10k,成都 武侯区 火车南站,3-5年,本科
文案,5k-8k,宁波  ,1-3年,本科
文案,5k-8k,广州 白云区 黄石,1-3年,大专
文案,3k-6k,朔州  ,经验不限,学历不限
文案,5k-8k,南京 雨花台区 安德门,1-3年,本科
创意文案,5k-8k,武汉 江岸区 永清,1-3年,本科
资深文案,15k-20k,上海 普陀区 金沙江路,5-10年,本科
文案,5k-8k,天津 南开区 荣业大街,1-3年,大专
文案,7k-11k,上海 徐汇区 田林,1年以内,本科
文案,4k-8k,武汉 江岸区 新华路,经验不限,大专
文案,3k-6k,合肥  ,经验不限,本科
创意文案,5k-10k,武汉 江汉区 新华,1-3年,大专
文案,4k-6k,杭州 余杭区 仓前,1-3年,大专
策划文案,7k-8k,北京 顺义区 后沙峪,经验不限,学历不限
文案,5k-9k,昆明  ,1-3年,大专
文案,5k-8k,天津 西青区 大寺,1-3年,本科
文案,10k-15k,北京 朝阳区 大屯,1-3年,本科
品牌文案,6k-10k,深圳 罗湖区 蔡屋围,3-5年,本科
文案,3k-4k,重庆 渝北区 黄泥Y,经验不限,本科
文案,5k-6k,厦门 湖里区 金山,1-3年,本科
文案,5k-6k,北京 朝阳区 望京,1-3年,本科
文案策划,3k-5k,西安 未央区 文景路,1-3年,大专
文案,5k-7k,佛山  ,1年以内,大专
文案编辑,3k-6k,石家庄  ,经验不限,大专
文案,4k-8k,东莞  ,1年以内,本科
文案编辑,5k-10k,北京 朝阳区 建国路,1年以内,本科
品牌文案,5k-10k,北京 朝阳区 定福庄,1-3年,本科
内容编辑,3k-4k,长沙 长沙县 ,经验不限,学历不限
内容编辑,3k-5k,长沙 天心区 劳动西路,经验不限,大专
内容编辑,4k-5k,西安 雁塔区 电子城,经验不限,学历不限
内容编辑,4k-5k,北京 朝阳区 安贞,经验不限,本科
内容编辑,3k-6k,长春  ,经验不限,大专
内容编辑,4k-8k,长沙 岳麓区 麓谷,1年以内,大专
内容编辑,8k-16k,北京 西城区 复兴门,经验不限,本科
内容编辑,4k-8k,佛山  ,经验不限,学历不限
内容编辑,3k-6k,太原  ,经验不限,大专
内容编辑,3k-6k,郑州 管城回族区 航海东路,经验不限,大专
内容编辑,12k-24k,北京 朝阳区 呼家楼,3-5年,本科
内容编辑,5k-10k,深圳 龙华区 锦绣江南,经验不限,大专
内容编辑,4k-8k,长沙 芙蓉区 五一大道,1年以内,学历不限
内容编辑,6k-10k,上海 静安区 共和新路,1-3年,本科
内容编辑,9k-18k,北京 东城区 海运仓,经验不限,本科
内容编辑,10k-20k,厦门 湖里区 ,经验不限,大专
内容编辑,5k-10k,深圳 龙岗区 横岗,经验不限,大专
内容编辑,3k-6k,长沙 岳麓区 麓谷,经验不限,大专
内容编辑,4k-6k,苏州 吴中区 独墅湖,1年以内,本科
内容编辑,3k-6k,长沙 天心区 劳动西路,1-3年,大专
内容编辑,7k-10k,北京 朝阳区 百子湾,经验不限,本科
内容编辑,3k-6k,沈阳  ,1年以内,本科
内容编辑,3k-4k,哈尔滨  ,1年以内,大专
内容编辑,4k-6k,青岛  ,1-3年,本科
内容编辑,6k-9k,石家庄  ,1年以内,大专
内容编辑,5k-10k,北京 朝阳区 三里屯,1-3年,大专
内容编辑,4k-8k,厦门 思明区 ,1-3年,本科
内容编辑,5k-8k,北京 海淀区 苏州桥,经验不限,本科
内容编辑,6k-10k,广州 海珠区 工业大道,1-3年,学历不限
内容编辑,3k-6k,南昌  ,应届生,学历不限
媒介经理,5k-10k,赣州  ,1年以内,大专
媒介经理,6k-12k,新乡  ,1-3年,本科
媒介经理,10k-15k,广州 天河区 珠江新城,1年以内,大专
媒介经理,6k-12k,北京 朝阳区 定福庄,1-3年,本科
媒介经理,11k-18k,武汉 江岸区 竹叶山,1年以内,学历不限
媒介经理,10k-18k,北京  ,3-5年,本科
综艺节目媒介经理/客户经理,8k-12k,北京 朝阳区 朝阳路,1-3年,本科
媒介经理,8k-12k,上海 徐汇区 ,1年以内,本科
媒介经理,5k-10k,上海 静安区 北京西路,1-3年,本科
媒介经理,4k-7k,南昌  ,1-3年,大专
媒介经理,3k-6k,长春  ,1-3年,本科
媒介经理,3k-6k,兰州  ,经验不限,中专/中技
媒介经理,3k-6k,无锡  ,1-3年,大专
媒介经理,4k-6k,北京 朝阳区 朝阳路,3-5年,本科
媒介经理,6k-12k,北京 朝阳区 红庙,1年以内,本科
AE媒介经理,3k-4k,惠州  ,1-3年,大专
媒介经理,5k-7k,广州 越秀区 梅花村,1-3年,本科
媒介经理,4k-8k,东莞  ,1-3年,大专
广告媒介经理,6k-10k,武汉 江汉区 常青路,1-3年,大专
媒介经理,8k-12k,青岛  ,1年以内,本科
媒介经理,3k-5k,石家庄  ,1年以内,大专
媒介经理,10k-11k,深圳 宝安区 新安,3-5年,大专
媒介经理,15k-30k,北京 朝阳区 三里屯,1-3年,本科
媒介经理,10k-20k,深圳 宝安区 翻身路,经验不限,学历不限
媒介经理,8k-15k,北京 朝阳区 大山子,3-5年,本科
媒介经理,8k-16k,宁波  ,1年以内,本科
媒介经理,10k-15k,北京 西城区 后海,1-3年,本科
媒介经理,5k-8k,上海 长宁区 ,1-3年,本科
媒介经理,6k-12k,杭州 滨江区 长河,1年以内,学历不限
媒介经理,8k-12k,上海 闵行区 虹桥机场,3-5年,本科
高级项目总监,10k-18k,广州 天河区 珠江新城,1-3年,大专
新媒体运营实习生,2k-3k,北京 东城区 朝阳门,应届生,本科
手游平台运营经理（游戏狗手游网）,4k-5k,合肥  ,1年以内,本科
新媒体运营,6k-12k,上海 长宁区 北新泾,经验不限,本科
传媒招聘项目组运营专员,4k-7k,青岛  ,经验不限,学历不限
用户运营岗,3k-4k,北京 朝阳区 CBD,应届生,本科
新媒体运营,3k-5k,烟台  ,经验不限,学历不限
网络运营,3k-6k,长春  ,经验不限,高中
网络经济人,3k-6k,哈尔滨  ,经验不限,学历不限
公开课运营专员,5k-8k,北京  ,1-3年,本科
网络推广,2k-3k,长春  ,1年以内,学历不限
市场推广,3k-4k,厦门 湖里区 金尚路,1年以内,本科
360市场推广,7k-11k,保定  ,经验不限,高中
市场推广,3k-5k,周口  ,经验不限,初中及以下
市场推广,4k-8k,乌鲁木齐  ,1-3年,大专
市场推广,4k-8k,南昌  ,1年以内,学历不限
市场推广,3k-5k,青岛  ,经验不限,大专
市场推广,4k-8k,贵阳  ,1年以内,本科
市场推广,4k-8k,济南  ,经验不限,学历不限
市场推广,5k-10k,合肥  ,3-5年,大专
市场推广,4k-5k,南昌  ,经验不限,中专/中技
市场推广,5k-8k,南昌  ,经验不限,大专
市场推广,4k-5k,昆明  ,1年以内,学历不限
市场推广,5k-10k,昆明  ,1-3年,大专
市场推广,8k-16k,东莞  ,经验不限,学历不限
市场推广专员,4k-8k,苏州 姑苏区 葑门,1年以内,本科
市场推广专员,4k-8k,临沂  ,经验不限,学历不限
市场推广,3k-6k,宁波  ,1年以内,学历不限
省内市场推广,6k-12k,南昌  ,1年以内,大专
市场推广,10k-11k,宁波  ,经验不限,学历不限
市场推广,2k-6k,渭南  ,经验不限,学历不限
市场推广专员,3k-5k,银川  ,经验不限,大专
市场推广,4k-8k,武汉 青山区 建设二路,经验不限,大专
市场推广,5k-10k,南通  ,1年以内,高中
市场推广,8k-9k,无锡  ,1年以内,学历不限
网络客服/市场推广,3k-6k,长沙  ,经验不限,大专
市场推广,3k-5k,宁波  ,1-3年,大专
市场推广,5k-6k,台州  ,3-5年,大专
市场推广,7k-14k,石家庄  ,1年以内,大专
市场推广专员,4k-6k,银川  ,经验不限,学历不限
市场推广,4k-8k,绍兴  ,经验不限,学历不限
IP产品经理,6k-10k,福州  ,3-5年,本科
产品经理,6k-8k,南京 鼓楼区 湖北路,3-5年,大专
新零售产品经理,10k-15k,上海 闵行区 虹桥机场,3-5年,本科
金融产品经理,10k-11k,宁波  ,1-3年,大专
产品经理,12k-18k,广州 黄埔区 ,1-3年,本科
互联网产品经理,15k-20k,天津  ,3-5年,学历不限
金融产品经理,8k-15k,太原  ,1年以内,大专
旅游产品经理,10k-15k,北京 朝阳区 朝阳路,3-5年,大专
To B 互联网产品经理,20k-30k,北京 东城区 东直门,3-5年,本科
产品经理,15k-20k,上海 静安区 南京西路,3-5年,大专
区块链高级产品经理（终端业务方向）,8k-15k,南京 建邺区 小行,3-5年,本科
旅游产品经理,4k-8k,北京 朝阳区 十里堡,经验不限,大专
风控产品经理,5k-10k,许昌  ,1年以内,本科
旅游产品经理,7k-8k,上海 浦东新区 洋泾,1-3年,大专
产品经理,4k-8k,厦门 思明区 莲花,应届生,本科
产品经理（社交）,15k-25k,上海 长宁区 北新泾,1-3年,本科
旅游产品经理,4k-6k,贵阳  ,1-3年,大专
产品经理,15k-30k,玉溪  ,3-5年,学历不限
产品经理   （SAAS方向）,15k-30k,深圳 南山区 蛇口,3-5年,大专
旅游产品经理,7k-14k,北京 海淀区 圆明园,1-3年,本科
产品经理,15k-20k,天津 和平区 和平路,3-5年,大专
互联网产品经理,7k-12k,深圳 宝安区 新安,3-5年,本科
产品经理,10k-13k,常州  ,1-3年,本科
移动产品经理,10k-20k,北京 朝阳区 酒仙桥,3-5年,本科
互联网产品经理,10k-16k,深圳 南山区 桃源村,3-5年,学历不限
产品经理助理,5k-8k,北京  ,1年以内,本科
产品经理,7k-8k,深圳 宝安区 西乡,1-3年,本科
产品经理,10k-20k,深圳 宝安区 沙井,3-5年,本科
产品经理/主管,8k-15k,合肥  ,1-3年,本科
区块链高级产品经理（底层构架方向）,10k-20k,南京 建邺区 小行,3-5年,本科
网红/艺人签约,20k-40k,北京 朝阳区 高碑店,应届生,本科
产业研究总监,20k-40k,北京 海淀区 西二旗,5-10年,硕士
电视栏目主编,20k-40k,北京 朝阳区 百子湾,5-10年,本科
总编,20k-40k,北京 朝阳区 大望路,5-10年,本科
项目经理,10k-20k,北京 朝阳区 呼家楼,3-5年,本科
小程序开发,10k-15k,北京 朝阳区 北苑,经验不限,本科
综艺制作中心总监,20k-25k,北京 朝阳区 朝阳路,5-10年,本科
销售VP,25k-30k,北京 朝阳区 东大桥,10年以上,本科
咨询(市场调研、行业分析)项目总监,20k-30k,北京 海淀区 花园桥,5-10年,本科
区块链学院课程总监,40k-60k,北京 朝阳区 北苑,5-10年,本科
PHP开发工程师,13k-15k,北京 朝阳区 四惠,1-3年,本科
产品经理,10k-20k,北京 朝阳区 呼家楼,3-5年,本科
Web前端工程师,15k-20k,北京 朝阳区 建国路,1-3年,本科
PHP工程师,10k-15k,北京 海淀区 木樨地,1-3年,本科
图像图像算法工程师,20k-30k,北京 朝阳区 望京,1-3年,本科
测试工程师,10k-20k,北京 朝阳区 呼家楼,3-5年,本科
后期剪辑,20k-25k,北京 朝阳区 双井,经验不限,学历不限
高级运维工程师,13k-25k,北京 朝阳区 呼家楼,3-5年,本科
自然语言处理工程师,15k-25k,北京  ,3-5年,本科
后端开发,11k-20k,北京 朝阳区 望京,1-3年,本科
后期包装设计,10k-20k,北京 大兴区 亦庄,3-5年,本科
程序员,10k-20k,北京 朝阳区 朝阳路,1-3年,本科
Android开发工程师,15k-25k,北京 朝阳区 望京,3-5年,本科
PHP高级软件工程师,12k-22k,北京 朝阳区 四惠,3-5年,本科
运营主编,20k-40k,北京 朝阳区 呼家楼,5-10年,本科
公益项目主管,10k-15k,北京 朝阳区 百子湾,1-3年,本科
设计经理,10k-15k,北京 朝阳区 定福庄,3-5年,本科
咨询总监,20k-40k,北京 海淀区 西二旗,5-10年,本科
技能等级项目经理,15k-20k,北京 海淀区 上地,3-5年,本科
APP产品经理,15k-25k,北京 朝阳区 望京,3-5年,本科
文案,7k-9k,深圳 南山区 海上世界,1年以内,学历不限
文案编辑,3k-5k,济南 天桥区 北园,经验不限,大专
文案,8k-9k,北京 东城区 朝阳门,1-3年,本科
文案,5k-8k,上海  ,1-3年,大专
文案,5k-7k,西安 雁塔区 永松路,3-5年,大专
策划文案,6k-10k,北京 大兴区 西红门,1-3年,大专
文案策划,4k-6k,广州  ,经验不限,大专
文案,3k-5k,武汉  ,1-3年,学历不限
文案编辑,6k-11k,深圳 福田区 车公庙,1-3年,大专
文案,5k-10k,杭州 上城区 南星,1-3年,大专
文案策划,6k-12k,宁波  ,经验不限,学历不限
文案,10k-18k,杭州 西湖区 翠苑,1-3年,本科
文案,3k-6k,苏州 姑苏区 拙政园,1-3年,学历不限
文案,8k-10k,上海 长宁区 交大,1-3年,本科
文案,6k-12k,郑州 金水区 经三路,1年以内,本科
文案策划,4k-7k,广州 南沙区 ,1-3年,大专
文案,8k-15k,北京 大兴区 ,1-3年,大专
文案助理,5k-8k,杭州 拱墅区 拱宸桥,1年以内,大专
文案,6k-8k,深圳 福田区 上梅林,1年以内,本科
广告文案,8k-15k,深圳 龙华区 滢水山庄,1-3年,大专
文案编辑,2k-4k,广州 天河区 棠下,应届生,大专
文案写作,4k-5k,西安 雁塔区 光华路,经验不限,本科
创意文案,6k-8k,上海 普陀区 长寿路,1-3年,本科
文案（healthcare）,7k-8k,上海 静安区 天目西路,经验不限,本科
文案,8k-15k,苏州  ,5-10年,本科
文案编辑,6k-10k,沈阳  ,3-5年,本科
文案,8k-10k,北京 丰台区 马家堡,1-3年,本科
文案,3k-6k,三亚  ,1年以内,本科
创意文案,4k-8k,济南 历下区 花园路,1年以内,大专
文案编辑,5k-10k,上海 徐汇区 龙华,1-3年,本科
内容编辑,10k-15k,北京 朝阳区 呼家楼,5-10年,本科
内容编辑,7k-8k,北京 朝阳区 三元桥,1-3年,本科
文案内容编辑,3k-6k,呼和浩特  ,经验不限,高中
内容编辑,6k-12k,上海 普陀区 长寿路,1-3年,本科
内容编辑,5k-8k,深圳 南山区 科技园,1年以内,本科
内容编辑,5k-7k,苏州 吴中区 东环路,1-3年,本科
内容编辑,3k-6k,石家庄  ,经验不限,中专/中技
内容编辑,4k-6k,武汉 江岸区 三阳路,1-3年,大专
内容编辑,4k-7k,长春  ,经验不限,学历不限
内容编辑,4k-8k,长沙 岳麓区 玉兰路,经验不限,大专
内容编辑,3k-6k,郑州 管城回族区 航海东路,1年以内,大专
内容编辑,4k-8k,呼和浩特  ,经验不限,大专
内容编辑,6k-8k,北京 朝阳区 团结湖,1-3年,本科
内容编辑,3k-5k,深圳 宝安区 西乡,经验不限,学历不限
内容编辑,4k-8k,威海  ,经验不限,学历不限
内容编辑,4k-5k,东莞  ,3-5年,大专
内容编辑,10k-15k,北京 朝阳区 望京,1-3年,本科
内容编辑,3k-6k,济南 历下区 会展中心,1年以内,大专
内容编辑,2k-4k,广州 越秀区 东风东,1年以内,大专
内容编辑,3k-4k,广州 番禺区 南浦,1年以内,大专
内容编辑,5k-10k,北京 海淀区 中关村,经验不限,学历不限
内容编辑,4k-8k,滨州  ,经验不限,学历不限
内容编辑,3k-6k,太原  ,1-3年,本科
内容编辑,5k-8k,廊坊  ,1年以内,大专
内容编辑,6k-12k,杭州 滨江区 长河,1-3年,学历不限
内容编辑,8k-10k,天津 南开区 体育中心,1-3年,本科
高级内容编辑,3k-6k,芜湖  ,1-3年,学历不限
微信、网站内容编辑,5k-8k,北京 海淀区 学院路,1-3年,本科
微信内容编辑,3k-6k,邯郸  ,1-3年,大专
内容编辑,10k-20k,上海  ,经验不限,本科
媒介经理,10k-15k,北京 朝阳区 定福庄,1年以内,本科
媒介经理,8k-16k,北京 朝阳区 北苑,1-3年,大专
媒介经理,4k-8k,深圳 福田区 益田村,1年以内,大专
媒介经理（偏新媒体）,9k-14k,北京 朝阳区 呼家楼,3-5年,本科
媒介经理,5k-7k,福州  ,1-3年,大专
媒介经理,4k-8k,南阳  ,1年以内,大专
媒介经理,6k-10k,长沙 长沙县 ,1-3年,本科
媒介经理,10k-20k,北京 朝阳区 亮马桥,1-3年,学历不限
媒介经理,6k-12k,郑州  ,1年以内,大专
媒介经理,6k-7k,北京 东城区 交道口,1年以内,本科
媒介经理,6k-8k,郑州 金水区 丰产路,1年以内,本科
媒介经理,4k-8k,武汉 洪山区 关山,1年以内,本科
媒介经理,5k-10k,漳州  ,1年以内,大专
媒介经理,8k-10k,上海 黄浦区 五里桥,3-5年,本科
媒介经理,8k-15k,北京 朝阳区 工体,3-5年,本科
媒介经理,4k-8k,合肥  ,1年以内,大专
媒介经理,8k-10k,宁波  ,3-5年,大专
媒介经理,3k-4k,六盘水  ,3-5年,大专
媒介经理,4k-6k,成都  ,1年以内,本科
媒介经理,3k-5k,呼和浩特  ,1年以内,大专
媒介经理,10k-11k,重庆 江北区 观音桥,1年以内,本科
媒介经理,10k-16k,北京 东城区 东四,1年以内,本科
媒介经理,6k-12k,北京 朝阳区 朝外,1年以内,本科
媒介经理,8k-16k,深圳 南山区 蛇口,3-5年,本科
媒介经理,15k-30k,杭州 西湖区 文二路,3-5年,本科
高级媒介经理,8k-9k,南京  ,1-3年,本科
媒介经理,4k-8k,西宁  ,1-3年,高中
媒介经理,5k-10k,海口  ,3-5年,大专
媒介经理,8k-9k,北京 海淀区 苏州桥,1年以内,本科
媒介经理,6k-10k,上海 静安区 汶水路,3-5年,大专
市场推广,10k-11k,济南 历下区 ,经验不限,本科
市场推广,4k-8k,石家庄  ,经验不限,大专
市场推广,5k-10k,佛山  ,1-3年,大专
VIPkid市场推广专员,8k-16k,南京  ,经验不限,大专
市场推广经理,4k-8k,呼和浩特  ,1年以内,大专
市场推广,7k-8k,阜新  ,1年以内,高中
海外市场推广,6k-11k,深圳 福田区 石厦,经验不限,本科
市场推广,4k-5k,长春  ,1年以内,高中
市场推广专员,5k-8k,阜新  ,1年以内,学历不限
市场推广,3k-6k,淮安  ,经验不限,学历不限
市场推广,3k-6k,南昌  ,经验不限,高中
市场推广,4k-5k,厦门 集美区 ,1年以内,高中
市场推广时间自由,8k-12k,温州  ,经验不限,学历不限
市场推广,4k-5k,淄博  ,1年以内,大专
市场推广/市场督导,8k-16k,广州 天河区 元岗,1年以内,大专
市场推广,3k-4k,台州  ,1-3年,大专
UC浏览器市场推广顾问,6k-12k,广州 天河区 水荫,经验不限,学历不限
市场推广,4k-8k,衢州  ,1年以内,大专
市场推广,8k-12k,武汉 江汉区 常青路,1年以内,高中
市场推广,5k-10k,淮南  ,经验不限,大专
商业地产市场推广经理,6k-12k,宁波  ,1-3年,大专
市场推广,4k-8k,重庆 渝中区 大坪,经验不限,大专
市场推广,6k-12k,石家庄  ,1-3年,高中
市场推广业务经理,10k-11k,芜湖  ,1-3年,本科
今日头条市场推广+五险一金,6k-12k,太原  ,经验不限,学历不限
市场推广,5k-10k,贵阳  ,经验不限,本科
市场推广,4k-8k,惠州  ,经验不限,学历不限
市场推广,3k-6k,徐州  ,1年以内,学历不限
市场营销/市场推广/销售代表,3k-6k,长沙  ,经验不限,大专
市场推广,5k-10k,上饶  ,1-3年,高中
产品经理,10k-20k,北京 丰台区 成寿寺,3-5年,本科
产品经理（互联网）,6k-10k,长春  ,3-5年,本科
电商产品经理,3k-5k,江门  ,经验不限,本科
电商产品经理,5k-6k,南宁  ,1-3年,大专
旅游产品经理,4k-8k,北京  ,1-3年,学历不限
旅游产品经理,8k-15k,深圳 龙岗区 布吉,3-5年,本科
产品经理,5k-8k,长沙 天心区 黄土岭,经验不限,学历不限
电商产品经理,4k-8k,成都 金牛区 沙湾,1年以内,大专
网站产品经理,4k-6k,济宁  ,1年以内,大专
移动产品经理,15k-30k,北京 朝阳区 高碑店,3-5年,本科
区块链产品经理,20k-30k,上海 闵行区 ,3-5年,本科
网页产品经理,3k-5k,广州  ,1-3年,本科
高级产品经理,15k-25k,北京 朝阳区 和平街,5-10年,本科
产品经理,4k-6k,郑州 金水区 东建材,1年以内,大专
产品经理,18k-25k,杭州 滨江区 浦沿,1年以内,本科
产品经理,5k-10k,上海 普陀区 长寿路,1年以内,本科
旅游产品经理,5k-8k,北京 朝阳区 朝阳门,1-3年,本科
旅游产品经理,4k-8k,长春  ,1年以内,大专
产品经理,13k-20k,重庆 渝中区 化龙桥,经验不限,本科
产品经理（高端游学产品）,5k-10k,厦门 海沧区 ,3-5年,大专
产品经理,8k-10k,厦门 集美区 ,3-5年,大专
产品经理,8k-12k,广州 天河区 前进,3-5年,大专
产品经理,5k-10k,重庆  ,3-5年,大专
产品经理,10k-15k,杭州 江干区 白杨,3-5年,大专
英语少儿研发产品经理,10k-20k,上海 普陀区 长寿路,1年以内,本科
电商产品经理,5k-10k,广州 越秀区 三元里,1年以内,本科
产品经理,10k-14k,广州 海珠区 南洲,3-5年,大专
产品经理（APP）,10k-20k,武汉 洪山区 东亭,1-3年,本科
互联网产品经理助理,5k-7k,广州 天河区 兴华,1年以内,本科
旅游产品经理,5k-6k,武汉  ,1-3年,大专
NodeJS高级开发工程师（偏后端）,10k-15k,北京 朝阳区 高碑店,3-5年,本科
PHP开发工程师,15k-25k,北京 朝阳区 呼家楼,5-10年,本科
产品经理,12k-24k,北京 朝阳区 四惠,3-5年,本科
JAVA开发工程师,10k-20k,北京 朝阳区 呼家楼,3-5年,本科
选材设计科科长,10k-15k,北京 朝阳区 ,3-5年,学历不限
活动事业部总监,25k-35k,北京 海淀区 西二旗,5-10年,本科
课程经理,10k-15k,北京 海淀区 北沙滩,3-5年,本科
产品经理,13k-20k,北京 西城区 西直门,1-3年,本科
前端开发工程师,10k-20k,北京 朝阳区 呼家楼,3-5年,本科
PHP工程师,10k-15k,北京 朝阳区 呼家楼,3-5年,本科
品牌公关,20k-30k,北京 朝阳区 朝阳路,3-5年,本科
全栈研发工程师（nodejs方向）,10k-20k,北京 海淀区 上地,经验不限,本科
电商运营,10k-20k,北京 朝阳区 望京,1-3年,本科
会展3D设计师,10k-15k,北京 海淀区 木樨地,3-5年,本科
社群运营主管,15k-30k,北京 朝阳区 奥运村,3-5年,大专
Hadoop开发工程师,15k-30k,北京 朝阳区 呼家楼,5-10年,本科
PHP高级软件工程师,12k-24k,北京 朝阳区 四惠,1-3年,本科
视觉设计经理,18k-30k,北京 朝阳区 建国门,5-10年,本科
新媒体运营主编,10k-15k,北京 大兴区 亦庄,3-5年,本科
产品经理,12k-20k,北京 海淀区 北沙滩,1-3年,大专
网络经理人,10k-11k,北京 朝阳区 定福庄,3-5年,大专
网络爬虫研发工程师,15k-25k,北京 朝阳区 呼家楼,5-10年,本科
主编,20k-25k,北京 朝阳区 建国门,5-10年,本科
视觉设计师,10k-20k,北京 海淀区 西二旗,3-5年,本科
小游戏开发工程师,12k-15k,北京 朝阳区 北苑,1-3年,本科
创意文案,10k-15k,北京  ,1年以内,本科
区块链研发工程师,15k-28k,北京 海淀区 苏州街,1-3年,本科
原画师，舞美设计师,10k-20k,北京 丰台区 新发地,1-3年,本科
高级项目经理,10k-13k,北京 朝阳区 四惠,1-3年,大专
产品经理,10k-15k,北京 朝阳区 呼家楼,3-5年,本科
文案,4k-6k,武汉 江汉区 常青路,1-3年,本科
文案,4k-8k,天津 河西区 小海地,3-5年,本科
文案,7k-10k,北京 朝阳区 常营,1-3年,本科
文案,3k-5k,泉州  ,经验不限,大专
文案,6k-12k,广州 番禺区 ,1-3年,学历不限
策划文案,3k-5k,汕头  ,1-3年,本科
文案,8k-10k,北京 朝阳区 朝外,3-5年,本科
文案编辑,10k-15k,深圳 福田区 车公庙,1-3年,本科
文案编辑,4k-7k,深圳 宝安区 西乡,1-3年,学历不限
文案,5k-8k,青岛  ,经验不限,学历不限
文案,7k-12k,深圳 罗湖区 人民南,3-5年,本科
文案编辑,3k-6k,赤峰  ,经验不限,高中
文案,5k-8k,深圳 龙岗区 ,1-3年,本科
文案编辑,4k-6k,广州 海珠区 江南大道,1-3年,大专
文案策划,6k-12k,苏州 吴中区 东环路,1年以内,本科
文案,4k-8k,佛山  ,1-3年,本科
文案策划,6k-12k,杭州 西湖区 古墩路,1-3年,本科
文案,1k-2k,杭州 萧山区 宁围,经验不限,本科
文案编辑,6k-8k,上海 闵行区 七宝,1-3年,大专
文案,5k-10k,大连  ,1-3年,学历不限
文案,4k-7k,天津 河东区 狮子林大街,3-5年,学历不限
文案,4k-8k,北京 通州区 九棵树,1-3年,大专
文案策划,4k-7k,深圳 罗湖区 洪湖,经验不限,学历不限
文案,5k-10k,杭州 拱墅区 拱宸桥,1-3年,大专
文案,6k-10k,杭州 江干区 火车东站,3-5年,本科
文案,3k-4k,芜湖  ,1-3年,大专
文案,7k-14k,北京 朝阳区 双井,1-3年,本科
文案,3k-6k,武汉 汉阳区 钟家村,1-3年,大专
文案,5k-8k,杭州 拱墅区 小河,1-3年,本科
文案,2k-4k,唐山  ,1年以内,大专
内容编辑,3k-5k,郑州 金水区 姚寨,1年以内,学历不限
内容编辑主管,5k-10k,长沙 岳麓区 麓谷,1-3年,大专
内容编辑,4k-6k,厦门 思明区 ,经验不限,学历不限
内容编辑,3k-6k,重庆  ,经验不限,大专
内容编辑,5k-7k,珠海  ,1-3年,本科
内容编辑,5k-8k,杭州 余杭区 仓前,1-3年,本科
硬件产品内容编辑,10k-20k,深圳 南山区 科技园,1-3年,本科
抖音内容编辑,3k-4k,莆田  ,经验不限,高中
内容编辑,4k-5k,郑州 金水区 姚寨,经验不限,大专
内容编辑,8k-15k,杭州 余杭区 仓前,1-3年,本科
情感内容编辑,7k-14k,上海 闵行区 浦江,1-3年,本科
内容编辑（策划）,4k-6k,武汉 武昌区 珞珈山,经验不限,本科
内容编辑,5k-10k,呼和浩特  ,应届生,大专
原创内容编辑,10k-15k,南京 建邺区 小行,经验不限,本科
内容编辑,6k-10k,深圳 南山区 科技园,1-3年,大专
内容编辑,3k-6k,合肥  ,经验不限,学历不限
微信内容编辑,4k-8k,北京 石景山区 杨庄,经验不限,大专
壹读内容编辑,8k-12k,北京 西城区 百万庄,3-5年,本科
内容编辑,2k-4k,昆明  ,经验不限,学历不限
内容编辑,3k-4k,西安 雁塔区 沣惠南路,经验不限,学历不限
内容编辑,3k-6k,郑州 金水区 新柳路,应届生,大专
游戏内容编辑,4k-6k,呼和浩特  ,经验不限,学历不限
内容编辑,2k-4k,南昌  ,应届生,本科
公众号内容编辑,8k-15k,北京 朝阳区 建国路,3-5年,本科
内容编辑,4k-8k,广州 天河区 龙口,经验不限,大专
内容编辑,4k-5k,宁波  ,1年以内,本科
内容编辑,5k-6k,郑州 新郑市 ,经验不限,大专
内容编辑,6k-12k,北京 朝阳区 CBD,经验不限,本科
内容编辑专员,10k-15k,上海 松江区 方松,3-5年,本科
内容编辑,4k-5k,天津  ,经验不限,本科
媒介经理,7k-14k,北京 朝阳区 望京,3-5年,本科
媒介经理,5k-10k,广州  ,1年以内,本科
媒介经理,5k-9k,西安  ,1年以内,本科
媒介经理,6k-10k,郑州  ,1年以内,大专
媒介经理,4k-5k,上海  ,1年以内,大专
媒介经理,5k-8k,泉州  ,1年以内,大专
媒介经理,7k-10k,泉州  ,3-5年,本科
市场推广,4k-8k,青岛  ,经验不限,学历不限
市场推广及运营实习生,3k-5k,广州 番禺区 大石,经验不限,大专
市场推广经理,6k-11k,北京 朝阳区 大山子,经验不限,本科
市场推广,3k-6k,佛山  ,经验不限,学历不限
市场推广执行专员（福州）,4k-5k,福州  ,应届生,大专
市场推广,10k-15k,南昌  ,经验不限,学历不限
市场推广专员,4k-7k,长春  ,经验不限,高中
市场推广,4k-8k,石家庄  ,经验不限,学历不限
市场推广,4k-8k,长沙 天心区 芙蓉南路,经验不限,学历不限
市场推广,3k-6k,中山  ,经验不限,中专/中技
市场推广专员,4k-5k,成都 锦江区 牛王庙,应届生,中专/中技
市场推广,5k-10k,龙岩  ,经验不限,中专/中技
市场推广,5k-8k,南昌  ,1年以内,大专
市场推广,3k-4k,无锡  ,经验不限,学历不限
电商销售/网络销售/市场推广/实习生,3k-6k,长沙  ,经验不限,大专
市场推广对象企业老板,6k-12k,南昌  ,经验不限,学历不限
市场专员/市场推广专员/销售专员/广告销售,4k-8k,昆明  ,经验不限,学历不限
市场推广,4k-7k,泰州  ,1年以内,高中
中国好声音市场推广,5k-8k,呼和浩特  ,1-3年,大专
市场推广,3k-4k,台州  ,1年以内,本科
省内市场推广,4k-8k,南昌  ,1年以内,高中
市场推广,10k-20k,石家庄  ,经验不限,中专/中技
市场推广,4k-7k,成都 武侯区 ,应届生,学历不限
市场推广,8k-13k,济南  ,1年以内,学历不限
市场推广,3k-6k,武汉 青山区 工人村,经验不限,本科
市场推广,5k-10k,秦皇岛  ,经验不限,学历不限
TSA市场推广,4k-8k,石家庄  ,经验不限,大专
市场推广,4k-6k,佛山  ,经验不限,中专/中技
市场推广，销售,5k-10k,石家庄  ,经验不限,中专/中技
市场推广,2k-4k,揭阳  ,经验不限,学历不限
产品经理,8k-11k,沈阳  ,3-5年,大专
电商产品经理,2k-4k,西安  ,1-3年,大专
产品经理,6k-8k,贵阳  ,1-3年,本科
文化产品专员,5k-10k,舟山  ,1年以内,本科
产品助理/专员,5k-8k,石家庄  ,1-3年,本科
会议执行,4k-8k,北京 朝阳区 百子湾,1-3年,大专
高级产品策划,10k-18k,上海 黄浦区 外滩,5-10年,本科
互联网产品专员,4k-5k,广州 天河区 兴华,经验不限,本科
客户经理,4k-8k,上海 静安区 天目西路,经验不限,大专
互联网产品专员,5k-10k,石家庄  ,1-3年,大专
互联网产品经理,11k-20k,北京 海淀区 上地,3-5年,本科
内容编辑（酷玩实验室）,10k-12k,北京 朝阳区 望京,1-3年,本科
架构师java,15k-25k,北京 朝阳区 望京,3-5年,本科
保险主编,15k-25k,北京 东城区 朝阳门,3-5年,本科
导演/编导,20k-35k,北京 丰台区 青塔,3-5年,本科
网络经理,10k-15k,北京 朝阳区 定福庄,经验不限,学历不限
数据产品经理,10k-20k,北京 朝阳区 呼家楼,3-5年,本科
新媒体编辑,12k-17k,北京 朝阳区 朝阳门,1-3年,本科
技术总监,15k-30k,北京 海淀区 木樨地,5-10年,本科
产品经理（区块链内容社区产品）,15k-20k,北京 朝阳区 北苑,3-5年,本科
产品经理,15k-30k,北京 朝阳区 建国路,1-3年,本科
广告设计师,10k-15k,北京 东城区 鼓楼,3-5年,本科
影视后期制作总监,20k-30k,北京 海淀区 万柳,3-5年,本科
平面设计,10k-20k,北京 朝阳区 呼家楼,3-5年,本科
舞台美术设计,11k-20k,北京 丰台区 新发地,1-3年,大专
PHP工程师,12k-16k,北京  ,3-5年,本科
全栈web开发工程师,10k-15k,北京 朝阳区 高碑店,1-3年,本科
APP后端开发,11k-20k,北京 朝阳区 望京,3-5年,本科
设计经理,10k-15k,北京 朝阳区 定福庄,3-5年,本科
栏目主编,10k-12k,北京 朝阳区 望京,1-3年,大专
Java开发,13k-26k,北京 朝阳区 望京,3-5年,本科
运营总监,18k-25k,北京 海淀区 北沙滩,5-10年,本科
主编,10k-15k,北京 朝阳区 团结湖,3-5年,本科
新媒体运营,10k-15k,北京 朝阳区 北苑,3-5年,本科
人力资源经理,20k-30k,北京 东城区 东四,3-5年,本科
PHP工程师,15k-25k,北京  ,3-5年,本科
技术经理,15k-20k,北京 朝阳区 建外大街,3-5年,本科
PHP开发工程师,10k-15k,北京 朝阳区 呼家楼,3-5年,本科
python 工程师（django 方向）,10k-15k,北京 朝阳区 呼家楼,1-3年,本科
内容运营主编,15k-25k,北京 海淀区 北沙滩,3-5年,本科
文案,3k-5k,武汉 江汉区 常青路,1-3年,大专
文案,8k-10k,深圳 福田区 景田,1-3年,学历不限
高级文案,8k-13k,北京 朝阳区 朝外,1-3年,本科
文案策划,5k-10k,杭州 上城区 南星,1-3年,本科
文案策划,4k-8k,南京 浦口区 泰山,经验不限,大专
文案编辑,7k-8k,深圳 福田区 岗厦,1-3年,大专
文案编辑,3k-5k,广州 天河区 棠下,经验不限,大专
文案,6k-12k,郑州  ,经验不限,学历不限
文案,4k-8k,济南 历下区 花园路,1-3年,大专
文案,4k-6k,上海 闵行区 颛桥,经验不限,学历不限
文案策划,7k-9k,杭州 上城区 ,1-3年,本科
文案,5k-10k,合肥  ,1-3年,大专
文案策划,4k-8k,杭州 拱墅区 ,1-3年,本科
文案,2k-4k,泉州  ,经验不限,学历不限
文案策划,6k-12k,南京 鼓楼区 阅江楼,1-3年,中专/中技
文案,6k-12k,上海 静安区 宜川路,3-5年,本科
文案,6k-7k,郑州  ,1-3年,大专
文案,4k-6k,南京 雨花台区 宁南,1-3年,大专
文案,4k-7k,厦门 湖里区 台湾街,1-3年,本科
文案,4k-7k,太原  ,1-3年,大专
文案策划,4k-7k,成都 武侯区 红牌楼,1-3年,本科
文案,6k-8k,西安 碑林区 西安交大,1-3年,本科
文案,6k-8k,广州 海珠区 赤岗,1-3年,本科
文案,3k-6k,合肥  ,1年以内,学历不限
文案编辑,6k-10k,厦门 湖里区 湖里大道,1-3年,本科
文案策划,6k-12k,上海 徐汇区 漕河泾,经验不限,本科
文案,6k-10k,深圳 南山区 海上世界,1-3年,大专
创意文案,3k-6k,重庆  ,1-3年,本科
文案编辑,5k-8k,长沙 开福区 湘江中路,1-3年,本科
文案,6k-8k,上海 普陀区 金沙江路,1年以内,本科
内容编辑,4k-8k,深圳 龙岗区 ,经验不限,大专
内容编辑,6k-12k,杭州 滨江区 长河,经验不限,学历不限
内容编辑,4k-5k,福州  ,1年以内,大专
文案内容编辑,4k-7k,杭州 滨江区 江南,经验不限,大专
内容编辑,3k-6k,亳州  ,经验不限,大专
内容编辑,3k-6k,泉州  ,1-3年,大专
时尚内容编辑,3k-6k,宁波  ,经验不限,本科
情感内容编辑,5k-10k,成都 成华区 建设路,经验不限,大专
内容编辑,3k-5k,汕尾  ,经验不限,大专
内容编辑,7k-12k,深圳 南山区 大冲,1-3年,本科
内容编辑（电商方向）,10k-20k,北京 朝阳区 望京,1-3年,本科
内容编辑,5k-8k,青岛  ,1-3年,大专
新媒体内容编辑,5k-8k,上海 虹口区 外滩,3-5年,本科
资深内容编辑,5k-8k,重庆 渝中区 大坪,3-5年,大专
自媒体内容编辑,4k-8k,重庆 渝北区 松树桥,应届生,本科
内容编辑,3k-5k,贵阳  ,1年以内,大专
文字编辑/内容编辑,4k-8k,郑州 管城回族区 商城路,经验不限,学历不限
内容编辑,2k-3k,广州 番禺区 市桥,经验不限,大专
内容编辑,4k-6k,南昌  ,经验不限,本科
游戏内容编辑,4k-8k,呼和浩特  ,经验不限,大专
内容编辑（新媒体）,5k-10k,北京 朝阳区 高碑店,1-3年,本科
内容编辑亲子频道,3k-5k,天津 河西区 小白楼,1-3年,本科
内容编辑,3k-6k,南京 建邺区 小行,应届生,高中
专栏内容编辑,4k-8k,哈尔滨  ,经验不限,大专
出版内容编辑,6k-12k,北京 东城区 东四,1-3年,学历不限
电竞游戏内容编辑,3k-5k,西安 未央区 徐家湾,经验不限,大专
编辑  内容编辑  网站编辑,5k-10k,北京 海淀区 中关村,经验不限,学历不限
小说内容编辑,6k-12k,杭州 滨江区 长河,1-3年,学历不限
新媒体内容编辑,8k-11k,北京 朝阳区 建国路,1-3年,本科
时尚内容编辑,8k-15k,北京 朝阳区 国贸,1-3年,大专
市场推广,5k-8k,贵阳  ,经验不限,本科
市场推广,4k-8k,乌鲁木齐  ,经验不限,大专
兼职市场推广,3k-4k,宿迁  ,1年以内,本科
市场推广,3k-5k,厦门 思明区 莲花,经验不限,学历不限
市场推广,3k-6k,太原  ,经验不限,本科
市场推广,6k-7k,福州  ,1年以内,高中
市场推广,3k-6k,亳州  ,经验不限,学历不限
市场推广,3k-5k,哈尔滨  ,经验不限,大专
市场推广,6k-12k,淮安  ,1年以内,大专
市场推广,4k-6k,兰州  ,经验不限,学历不限
市场推广,3k-6k,福州  ,1年以内,中专/中技
市场推广,4k-6k,南宁  ,经验不限,学历不限
市场推广与运营实习生,2k-4k,珠海  ,经验不限,大专
市场推广,1k-2k,平顶山  ,1年以内,初中及以下
市场推广,3k-4k,南宁  ,经验不限,大专
市场推广,6k-10k,宁波  ,经验不限,中专/中技
市场推广,5k-8k,太原  ,经验不限,学历不限
市场推广,3k-4k,贵阳  ,1年以内,大专
市场推广经理,6k-12k,珠海  ,1-3年,大专
市场推广,3k-5k,昭通  ,经验不限,本科
市场推广,4k-8k,佛山  ,1-3年,大专
市场推广,3k-6k,玉林  ,1年以内,本科
市场推广,6k-8k,东莞  ,经验不限,本科
市场推广,4k-6k,石家庄  ,经验不限,大专
市场推广,47k-78k,徐州  ,1年以内,学历不限
市场推广,5k-8k,南宁  ,经验不限,学历不限
市场推广,3k-6k,石家庄  ,1-3年,大专
市场推广,4k-6k,兰州  ,经验不限,大专
市场推广,2k-4k,柳州  ,1年以内,大专
市场推广,4k-8k,济南 历下区 ,1年以内,大专
运维工程师,10k-14k,北京 朝阳区 呼家楼,3-5年,本科
副主编,10k-20k,北京 朝阳区 建国路,3-5年,本科
主编,15k-28k,北京 朝阳区 呼家楼,3-5年,本科
web前端,15k-25k,北京 朝阳区 呼家楼,5-10年,本科
新媒体运营,10k-14k,北京 朝阳区 四惠,3-5年,本科
编辑部主任,10k-15k,北京 朝阳区 红庙,3-5年,硕士
文案策划,10k-20k,北京 海淀区 西二旗,应届生,本科
web前端工程师,10k-20k,北京 朝阳区 呼家楼,3-5年,本科
新媒体渠道经理,10k-15k,北京 朝阳区 东大桥,3-5年,本科
前端开发工程师,10k-20k,北京 朝阳区 呼家楼,3-5年,本科
新媒体高级编辑,15k-20k,北京 朝阳区 建国路,5-10年,本科
栏目主编,15k-20k,北京 朝阳区 大山子,3-5年,本科
主编,10k-20k,北京 海淀区 学院路,5-10年,本科
java研发工程师,11k-20k,北京 海淀区 上地,3-5年,本科
副主编,14k-24k,北京 东城区 海运仓,3-5年,本科
内容编辑（电商方向）,10k-20k,北京 朝阳区 望京,1-3年,本科
主编,15k-30k,北京 朝阳区 大望路,3-5年,本科
前端工程师,12k-15k,北京 朝阳区 呼家楼,3-5年,本科
活动运营,10k-12k,北京 朝阳区 望京,1-3年,本科
MCN运营,12k-24k,北京 东城区 北京站,3-5年,本科
产品经理（web）,10k-15k,北京 海淀区 北沙滩,3-5年,本科
主编,15k-20k,北京  ,5-10年,本科
视觉设计师,10k-15k,北京 朝阳区 酒仙桥,1-3年,本科
短视频产品运营经理,15k-25k,北京 朝阳区 百子湾,5-10年,本科
家居新媒体内容主编,10k-15k,北京 朝阳区 百子湾,经验不限,本科
新媒体运营,10k-15k,北京 海淀区 五道口,1-3年,本科
记者（区块链方向）,10k-15k,北京 朝阳区 东大桥,1-3年,本科
产品经理,10k-15k,北京  ,1-3年,本科
直播运营,10k-20k,北京 朝阳区 常营,1-3年,学历不限
美容行业网络经理,10k-20k,北京 朝阳区 朝外,3-5年,大专
文案,4k-7k,广州 海珠区 江南大道,1-3年,大专
文案,6k-10k,上海 闵行区 七宝,1-3年,大专
文案,4k-8k,成都 双流区 公兴,1-3年,本科
文案,6k-7k,北京 通州区 九棵树,经验不限,学历不限
文案,10k-15k,北京  ,3-5年,本科
文案,5k-8k,上海 长宁区 湖南路,1-3年,学历不限
文案策划,5k-7k,泉州  ,1-3年,本科
文案策划,7k-12k,上海 静安区 南京西路,1-3年,本科
文案,5k-10k,上海 徐汇区 龙华,1-3年,大专
文案,5k-9k,广州 天河区 沙河,1-3年,大专
文案,8k-12k,杭州 拱墅区 ,1-3年,本科
文案,4k-6k,广州 天河区 体育中心,1-3年,本科
文案,5k-8k,厦门 思明区 莲前,1-3年,本科
文案,5k-10k,东莞  ,1-3年,大专
文案策划,5k-7k,北京 朝阳区 红庙,1-3年,大专
文案,2k-3k,呼和浩特  ,1年以内,大专
文案,4k-7k,长沙 岳麓区 桐梓坡路,经验不限,大专
文案,3k-5k,广州 天河区 棠下,1-3年,大专
文案,8k-16k,上海 宝山区 上海大学,经验不限,本科
文案,4k-8k,北京  ,1-3年,本科
文案,5k-8k,广州 天河区 珠江新城,1-3年,本科
文案,4k-8k,杭州 西湖区 翠苑,1-3年,大专
文案,5k-9k,深圳 福田区 下沙,经验不限,大专
文案,3k-5k,乌鲁木齐  ,1年以内,本科
文案策划,5k-8k,上海 黄浦区 半淞园路,1-3年,本科
文案,4k-6k,昆明  ,1年以内,大专
文案,6k-12k,上海  ,1-3年,大专
文案,6k-8k,广州 海珠区 客村,1-3年,本科
文案,4k-8k,南昌  ,1年以内,本科
文案,5k-10k,西安 雁塔区 高新路,经验不限,学历不限
财经内容编辑,10k-15k,上海 闵行区 漕宝路,3-5年,本科
新媒体内容编辑,5k-9k,重庆 渝中区 七星岗,1年以内,本科
情感生活内容编辑,9k-18k,上海 闵行区 浦江,1-3年,本科
内容编辑,7k-14k,北京 朝阳区 高碑店,1-3年,大专
自媒体内容编辑运营,3k-8k,合肥  ,经验不限,大专
时尚内容编辑,3k-6k,长沙 天心区 劳动西路,经验不限,大专
内容编辑实习生,2k-4k,上海 黄浦区 瑞金二路,经验不限,本科
网文内容编辑,6k-12k,杭州 滨江区 长河,经验不限,学历不限
内容编辑（酷玩实验室）,10k-12k,北京 朝阳区 望京,1-3年,本科
今日头条/ 内容编辑,5k-10k,深圳 龙华区 龙华,经验不限,大专
内容编辑实习生,1k-2k,西安 雁塔区 西安交大,经验不限,本科
产品内容编辑,3k-6k,郑州 管城回族区 东明路,经验不限,大专
装修内容编辑,5k-10k,宁波  ,经验不限,本科
时尚美妆内容编辑,5k-8k,北京 朝阳区 定福庄,1年以内,本科
原创情感内容编辑,9k-18k,上海 闵行区 浦江,1-3年,本科
网络内容编辑,3k-6k,广州 越秀区 登峰,1年以内,学历不限
内容编辑,3k-5k,无锡  ,1年以内,本科
新媒体内容编辑,4k-7k,佛山  ,经验不限,大专
内容编辑（文字方向）,4k-5k,西安 雁塔区 电视塔,经验不限,大专
内容编辑（采编）,5k-8k,深圳 福田区 上梅林,经验不限,大专
今日头条内容编辑,3k-6k,太原  ,应届生,中专/中技
新媒体内容编辑,3k-6k,漯河  ,经验不限,学历不限
内容编辑,5k-10k,杭州 滨江区 江南,经验不限,本科
内容编辑（美食频道）,4k-5k,天津 河西区 小白楼,经验不限,本科
内容编辑,3k-6k,郑州 管城回族区 金色港湾,经验不限,大专
新媒体内容编辑,3k-4k,重庆  ,经验不限,学历不限
新媒体内容编辑,3k-5k,郑州 金水区 新柳路,经验不限,大专
财经类内容编辑,6k-12k,北京 朝阳区 CBD,经验不限,本科
新媒体内容编辑,4k-7k,昆明  ,1-3年,大专
内容编辑实习生,3k-4k,北京 朝阳区 望京,经验不限,本科
市场推广文案,6k-8k,北京 海淀区 清河,1-3年,大专
市场推广、市场策划、市场营销,4k-8k,青岛  ,1年以内,大专
市场推广,7k-8k,常州  ,经验不限,中专/中技
市场推广,4k-5k,厦门 思明区 鼓浪屿,经验不限,中专/中技
市场推广经理,3k-5k,广州 天河区 天河城,1-3年,学历不限
市场推广,4k-7k,大连  ,经验不限,高中
市场推广,7k-10k,北京 海淀区 清河,1-3年,本科
广告市场推广,3k-6k,福州  ,1-3年,高中
市场推广,8k-15k,中山  ,经验不限,大专
市场推广,8k-16k,秦皇岛  ,经验不限,学历不限
市场推广,5k-10k,福州  ,经验不限,学历不限
市场推广，销售专员,4k-5k,南宁  ,经验不限,学历不限
市场推广,10k-11k,南宁  ,1年以内,大专
市场推广,4k-8k,青岛  ,经验不限,大专
市场推广,5k-10k,徐州  ,1-3年,学历不限
市场推广,1k-2k,福州  ,经验不限,中专/中技
市场推广,5k-10k,昆明  ,1年以内,学历不限
市场推广,10k-20k,昆明  ,经验不限,学历不限
市场推广,4k-5k,乌鲁木齐  ,应届生,大专
市场推广,3k-6k,开封  ,经验不限,学历不限
市场推广,5k-10k,菏泽  ,经验不限,中专/中技
市场推广,3k-4k,柳州  ,经验不限,学历不限
市场推广,8k-16k,太原  ,经验不限,学历不限
市场推广专员,3k-5k,厦门 思明区 莲花,经验不限,学历不限
市场推广,4k-8k,南昌  ,1年以内,大专
市场推广,4k-8k,合肥  ,经验不限,大专
市场推广,5k-10k,惠州  ,经验不限,学历不限
市场推广,4k-8k,无锡  ,经验不限,学历不限
市场推广专员,5k-9k,珠海  ,1年以内,大专
市场推广,18k-19k,哈尔滨  ,经验不限,本科
MCN运营经理,11k-20k,北京 朝阳区 三里屯,3-5年,大专
新媒体运营,10k-15k,北京 朝阳区 北苑,5-10年,本科
新媒体运营高级经理,10k-15k,北京 海淀区 北沙滩,3-5年,本科
社群运营（区块链领域）,15k-25k,北京 朝阳区 亮马桥,经验不限,本科
商务运营,15k-20k,北京 朝阳区 建国路,3-5年,本科
高级产品经理（国际化方向）,15k-25k,北京 海淀区 苏州街,3-5年,本科
NodeJs全栈工程师,15k-25k,北京 海淀区 苏州街,1-3年,本科
内容编辑,10k-15k,北京 朝阳区 呼家楼,5-10年,本科
视觉设计总监,15k-30k,北京 朝阳区 高碑店,5-10年,本科
商务拓展经理（微信公众号方向）,15k-20k,北京 朝阳区 望京,1-3年,本科
高级广告销售经理,10k-15k,北京 朝阳区 奥运村,3-5年,大专
资深记者,10k-20k,北京 朝阳区 东大桥,1-3年,本科
电商文案策划,10k-15k,北京 西城区 宣武门,1-3年,本科
产品总监,18k-30k,北京 朝阳区 呼家楼,3-5年,本科
电话销售,10k-20k,北京 朝阳区 建国路,1-3年,高中
网红/艺人/直播,10k-20k,北京 朝阳区 酒仙桥,经验不限,学历不限
建模师,10k-15k,北京 丰台区 新发地,1-3年,本科
有意思报告  新媒体主笔,12k-17k,北京 西城区 百万庄,3-5年,本科
团队经理,10k-15k,北京 海淀区 北太平庄,1-3年,学历不限
客户经理,10k-15k,北京 东城区 朝阳门,经验不限,学历不限
外联制片,10k-15k,北京 朝阳区 北苑,1年以内,大专
媒介经理/总监,10k-20k,北京 朝阳区 北苑,3-5年,本科
营销经理,10k-15k,北京 朝阳区 酒仙桥,1-3年,学历不限
电影、游戏，场景原画师,11k-20k,北京 丰台区 新发地,1-3年,大专
材质灯光师,10k-20k,北京 海淀区 西直门,3-5年,学历不限
媒介谈判,10k-20k,北京 大兴区 亦庄,3-5年,本科
内容编辑,10k-15k,北京 朝阳区 望京,1-3年,本科
调研经理,15k-20k,北京 朝阳区 百子湾,3-5年,本科
电话销售,15k-25k,北京 朝阳区 朝阳路,1-3年,中专/中技
合成主管,10k-20k,北京 朝阳区 朝阳路,3-5年,学历不限
文案策划,6k-8k,武汉 汉阳区 王家湾,1-3年,本科
文案,7k-10k,北京 昌平区 回龙观,1-3年,本科
文案,3k-6k,惠州  ,1-3年,本科
文案总监,8k-15k,重庆 渝北区 冉家坝,3-5年,大专
文案,7k-12k,北京 朝阳区 大山子,1-3年,本科
文案,3k-6k,湖州  ,经验不限,学历不限
文案,4k-8k,合肥  ,1-3年,本科
文案文员,3k-6k,广州 黄埔区 ,经验不限,大专
文案,8k-16k,北京 朝阳区 大山子,1-3年,本科
文案,4k-7k,西安 雁塔区 ,1-3年,大专
文案,5k-10k,北京 朝阳区 国贸,经验不限,大专
文案,5k-8k,北京 大兴区 西红门,1-3年,大专
文案,4k-8k,济南 历城区 华龙路,1-3年,大专
文案策划,7k-10k,上海 普陀区 石泉路,1年以内,本科
文案,6k-10k,深圳 南山区 西丽,1-3年,大专
文案策划,5k-8k,南京 玄武区 珠江路,1-3年,大专
文案,4k-8k,郑州 中原区 ,1-3年,本科
文案策划,10k-20k,北京 东城区 东直门,1-3年,本科
文案,4k-8k,珠海  ,1年以内,本科
文案,4k-6k,厦门 思明区 ,1-3年,本科
文案,4k-6k,宁波  ,1年以内,大专
创意文案,6k-8k,杭州 江干区 火车东站,1-3年,大专
广告文案,9k-15k,北京 朝阳区 望京,经验不限,大专
文案策划,3k-5k,济南  ,经验不限,本科
文案策划,4k-5k,成都 锦江区 东光,1年以内,本科
文案,6k-12k,苏州 吴中区 左岸商业街,1年以内,本科
文案策划,6k-8k,重庆 九龙坡区 渝州路,1-3年,本科
文案策划,10k-15k,北京 朝阳区 定福庄,经验不限,本科
文案,5k-10k,杭州 余杭区 良渚,1-3年,本科
文案,3k-5k,广州 白云区 黄石,经验不限,大专
新媒体内容编辑,3k-5k,重庆 渝中区 七星岗,经验不限,本科
内容编辑（剪辑方向）,4k-5k,西安 雁塔区 电视塔,经验不限,大专
微信公众号内容编辑,8k-14k,上海 闵行区 浦江,1-3年,本科
记者 编辑 网站编辑 内容编辑,5k-10k,北京 海淀区 中关村,经验不限,本科
游戏内容编辑,4k-8k,呼和浩特  ,1年以内,中专/中技
内容编辑,4k-8k,上海 嘉定区 南翔,1年以内,大专
新媒体内容编辑/运营,5k-10k,北京 朝阳区 三元桥,1年以内,本科
内容编辑实习生,2k-4k,苏州 吴中区 独墅湖,应届生,本科
资深内容编辑（酷玩实验室）,10k-15k,北京 朝阳区 望京,1-3年,本科
内容编辑,2k-4k,广州 天河区 岗顶,经验不限,大专
内容编辑实习生,2k-3k,太原  ,经验不限,本科
微信公众号内容编辑,7k-14k,上海  ,1-3年,本科
内容编辑高薪有文字功底,4k-5k,周口  ,经验不限,中专/中技
内容编辑,4k-6k,南昌  ,1-3年,大专
内容编辑,3k-6k,厦门 思明区 梧村,1-3年,大专
内容编辑,4k-8k,广州 天河区 珠江新城,1-3年,大专
招电视剧点评内容编辑,3k-6k,邯郸  ,经验不限,学历不限
新媒体内容编辑,6k-10k,北京 朝阳区 建国路,1-3年,本科
新媒体内容编辑,8k-12k,上海 宝山区 淞南,1-3年,大专
内容编辑,4k-8k,青岛  ,1年以内,本科
内容编辑,5k-6k,北京 西城区 官园,1年以内,本科
产品内容编辑淘宝头条/有好货/攻略,4k-5k,郑州 管城回族区 未来路,经验不限,学历不限
内容编辑,4k-8k,北京 朝阳区 北苑,经验不限,大专
内容编辑,5k-8k,南京 秦淮区 苜蓿园,1年以内,本科
内容编辑实习生（电商方向）,3k-4k,北京 朝阳区 望京,经验不限,本科
内容编辑,12k-24k,北京 朝阳区 国贸,1-3年,本科
内容编辑,3k-5k,潍坊  ,1年以内,大专
储备干部内容编辑,3k-6k,合肥  ,经验不限,学历不限
内容编辑,6k-10k,南京 栖霞区 ,1-3年,本科
课程内容编辑,5k-10k,广州 天河区 珠江新城,3-5年,本科
市场推广,5k-10k,福州  ,1年以内,学历不限
市场推广,5k-10k,哈尔滨  ,经验不限,学历不限
市场推广,4k-5k,徐州  ,经验不限,学历不限
市场推广,3k-6k,吉林  ,经验不限,学历不限
市场推广,5k-10k,淄博  ,1年以内,大专
市场推广,3k-4k,驻马店  ,经验不限,大专
市场推广,5k-8k,合肥  ,应届生,大专
市场推广,5k-10k,秦皇岛  ,应届生,学历不限
市场推广,6k-12k,烟台  ,经验不限,学历不限
市场推广,4k-8k,泉州  ,1年以内,高中
市场推广,5k-10k,兰州  ,1年以内,本科
市场推广,4k-8k,合肥  ,经验不限,大专
市场推广,4k-6k,唐山  ,经验不限,大专
市场推广,3k-6k,石家庄  ,1年以内,本科
市场推广,4k-8k,泉州  ,1年以内,高中
市场推广,3k-4k,佛山  ,1年以内,大专
商务经理/市场推广/BD渠道推广/渠道商务,8k-9k,上海 浦东新区 北蔡,经验不限,学历不限
市场推广专员,5k-6k,合肥  ,经验不限,学历不限
市场推广,3k-6k,南昌  ,应届生,大专
市场推广,3k-6k,福州  ,1年以内,高中
市场推广,10k-11k,洛阳  ,1年以内,学历不限
市场推广,3k-5k,太原  ,经验不限,学历不限
市场推广,3k-6k,日照  ,1年以内,学历不限
市场推广,3k-6k,周口  ,应届生,大专
市场推广,5k-8k,合肥  ,1-3年,学历不限
市场推广,3k-4k,太原  ,经验不限,大专
市场推广,3k-6k,桂林  ,经验不限,学历不限
市场推广,3k-4k,汕头  ,1-3年,大专
市场推广,5k-8k,无锡  ,1年以内,大专
市场推广,5k-8k,太原  ,经验不限,学历不限
视效总监,15k-30k,北京 朝阳区 东坝,3-5年,学历不限
销售顾问,15k-20k,北京 海淀区 上地,经验不限,学历不限
建模师,11k-20k,北京 丰台区 新发地,1-3年,大专
品牌总监,15k-30k,北京 朝阳区 潘家园,3-5年,本科
导演/编导,10k-15k,北京  ,10年以上,本科
web前端,10k-15k,北京 朝阳区 朝外,1-3年,本科
资深采访编辑,10k-20k,北京 海淀区 五道口,3-5年,本科
销售经理,10k-20k,北京 朝阳区 呼家楼,经验不限,大专
自媒体,10k-15k,北京 朝阳区 望京,1年以内,大专
节目招商（有无经验均可）,10k-15k,北京 朝阳区 酒仙桥,经验不限,大专
前端工程师,10k-15k,北京  ,3-5年,本科
资深采编（酷玩实验室）,10k-15k,北京 朝阳区 望京,3-5年,本科
视频策划/制作,10k-20k,北京 朝阳区 北苑,经验不限,本科
内容编辑,12k-24k,北京 朝阳区 呼家楼,3-5年,本科
高级别三维动画电影-动画造型设计,10k-20k,北京 海淀区 马甸,5-10年,学历不限
制片人,10k-15k,北京 朝阳区 定福庄,3-5年,本科
策划主管,10k-15k,北京 朝阳区 四惠,3-5年,本科
海外房产销售,10k-15k,北京 东城区 朝阳门,1-3年,本科
客户经理,10k-20k,北京 海淀区 北沙滩,经验不限,大专
设计总监,15k-20k,北京 海淀区 清河,5-10年,本科
ios工程师,15k-25k,北京  ,3-5年,本科
文案策划,10k-15k,北京  ,3-5年,本科
服务端工程师,15k-30k,北京  ,3-5年,本科
文案编辑,10k-15k,北京 海淀区 西二旗,1-3年,本科
大客户经理,10k-15k,北京 海淀区 北沙滩,1-3年,大专
销售顾问,10k-20k,北京 朝阳区 酒仙桥,1-3年,大专
采编（医院管理）,10k-20k,北京 海淀区 北沙滩,3-5年,本科
艺人主播,10k-20k,北京  ,经验不限,学历不限
主编,15k-20k,北京 朝阳区 望京,5-10年,本科
主播艺人,10k-15k,北京 朝阳区 大望路,经验不限,学历不限
文案策划,4k-8k,合肥  ,1-3年,大专
文案,4k-5k,衡阳  ,1年以内,本科
文案,5k-7k,广州 天河区 林和,1-3年,大专
文案,3k-5k,哈尔滨  ,1-3年,本科
文案新鲜人,2k-3k,武汉 武昌区 和平大道,经验不限,大专
文案策划,4k-7k,厦门  ,1-3年,大专
文案,7k-13k,北京 朝阳区 朝阳路,1-3年,本科
文案,2k-4k,福州  ,应届生,大专
文案,8k-10k,广州 天河区 龙口,3-5年,学历不限
文案,4k-7k,南昌  ,1-3年,本科
文案,3k-6k,青岛  ,经验不限,学历不限
文案策划,5k-10k,深圳 龙岗区 坂田,1-3年,本科
文案策划,4k-6k,广州  ,1年以内,大专
文案策划,4k-8k,昆明  ,1-3年,大专
创意文案,4k-6k,北京 丰台区 角门,1-3年,本科
文案策划,8k-15k,北京 海淀区 西直门,1-3年,大专
文案,4k-7k,韶关  ,1年以内,本科
文案,10k-15k,北京 朝阳区 四惠,1年以内,大专
文案,7k-11k,北京  ,1-3年,本科
文案,6k-8k,河源  ,1年以内,大专
文案编辑,7k-10k,深圳 南山区 南油,1-3年,本科
文案,5k-8k,北京 朝阳区 管庄,1-3年,本科
文案,3k-5k,温州  ,1年以内,大专
文案策划,5k-9k,上海 静安区 南京西路,1-3年,本科
文案,4k-6k,天津 南开区 密云路,经验不限,大专
文案,5k-8k,北京 海淀区 清河,1-3年,本科
文案策划,4k-6k,武汉 江汉区 新华,1-3年,大专
文案,4k-6k,宁波  ,1年以内,本科
文案,3k-6k,杭州 下城区 半山,经验不限,大专
资深文案,8k-14k,上海 长宁区 中山公园,3-5年,本科
内容编辑,4k-5k,深圳 南山区 西丽,经验不限,学历不限
内容编辑,6k-10k,宁波  ,经验不限,大专
招全职娱乐类内容编辑,3k-6k,邯郸  ,经验不限,学历不限
内容编辑,3k-5k,渭南  ,1年以内,中专/中技
自媒体编辑网络编辑内容编辑文案,3k-5k,济南 历下区 会展中心,1年以内,大专
新媒体内容编辑,4k-8k,北京 朝阳区 建外大街,应届生,本科
内容编辑,7k-8k,北京 朝阳区 十里河,1-3年,本科
内容编辑,8k-13k,北京 大兴区 西红门,1年以内,本科
内容编辑,3k-5k,佛山  ,1年以内,大专
内容编辑,2k-4k,西安 莲湖区 丰禾路,应届生,大专
内容编辑,8k-15k,北京 东城区 朝阳门,经验不限,大专
内容编辑,4k-6k,郑州 中原区 西环路,经验不限,大专
内容创作/内容编辑/美食文案创作,3k-6k,泉州  ,经验不限,大专
内容编辑,3k-6k,莆田  ,经验不限,学历不限
内容编辑,8k-9k,广州 海珠区 客村,3-5年,大专
内容编辑,6k-10k,北京 海淀区 新街口,1-3年,大专
微信公众号内容编辑-城市生活资讯,7k-14k,上海 闵行区 浦江,1-3年,本科
内容编辑实习岗,2k-3k,广州 天河区 珠江新城,应届生,本科
视频内容编辑(校园方向）,4k-5k,西安 雁塔区 电视塔,经验不限,大专
汽车内容编辑/编导,5k-8k,北京 朝阳区 大山子,经验不限,大专
内容编辑,4k-8k,重庆 沙坪坝区 小龙坎,应届生,学历不限
内容编辑,6k-12k,上海 静安区 北京西路,1年以内,本科
内容编辑,3k-5k,南昌  ,1年以内,本科
内容编辑,5k-8k,上海 嘉定区 ,1-3年,本科
内容编辑,2k-4k,重庆 渝中区 大坪,经验不限,学历不限
内容编辑,3k-4k,温州  ,1年以内,大专
公开课内容编辑（人工智能方向）,5k-8k,北京  ,1-3年,本科
内容编辑,4k-5k,北京 海淀区 紫竹桥,经验不限,本科
新媒体内容编辑,8k-12k,北京 朝阳区 建国路,1-3年,本科
内容编辑,5k-10k,长沙 天心区 侯家塘,1年以内,本科
市场推广,4k-7k,福州  ,经验不限,学历不限
实体市场推广,6k-12k,郑州 管城回族区 二里岗,1年以内,高中
市场推广,3k-5k,沈阳  ,经验不限,大专
市场推广,4k-8k,合肥  ,1年以内,学历不限
市场推广,6k-9k,合肥  ,1年以内,大专
市场推广,4k-8k,青岛  ,经验不限,学历不限
市场推广,5k-10k,桂林  ,1-3年,学历不限
市场推广,4k-6k,长沙 天心区 芙蓉中路,经验不限,学历不限
市场推广专员,3k-6k,扬州  ,1-3年,中专/中技
市场推广,3k-5k,青岛  ,经验不限,本科
市场推广,6k-12k,临沂  ,经验不限,学历不限
市场推广,4k-8k,福州  ,经验不限,学历不限
市场推广,3k-6k,太原  ,经验不限,大专
市场专员/市场推广专员/销售专员/广告销售,2k-4k,昆明  ,经验不限,学历不限
市场推广,7k-10k,保定  ,经验不限,学历不限
市场推广,4k-5k,枣庄  ,1年以内,学历不限
市场推广,4k-8k,长春  ,经验不限,学历不限
市场推广,5k-6k,徐州  ,1年以内,学历不限
市场推广,5k-9k,咸阳  ,经验不限,大专
市场推广,3k-6k,南通  ,经验不限,大专
市场推广,3k-5k,呼和浩特  ,经验不限,学历不限
市场推广,10k-11k,东莞  ,经验不限,学历不限
市场推广,3k-6k,南昌  ,1年以内,学历不限
市场推广,3k-6k,东营  ,1年以内,本科
市场推广,3k-4k,保定  ,1年以内,本科
市场推广,5k-10k,合肥  ,1年以内,大专
市场推广,3k-6k,唐山  ,1年以内,大专
市场推广,3k-6k,惠州  ,1年以内,大专
市场推广,5k-10k,南宁  ,1年以内,高中
市场推广,3k-6k,长春  ,经验不限,大专
潮流编辑,12k-17k,北京 朝阳区 朝阳门,1-3年,本科
主编--情感读书文化类新媒体（公众号）,12k-20k,北京 朝阳区 建国路,1-3年,本科
网红主播/艺人,10k-20k,北京 丰台区 北大地,经验不限,学历不限
运维工程师,10k-15k,北京  ,1-3年,本科
英文编辑,10k-15k,北京 海淀区 北沙滩,3-5年,本科
新媒体运营,10k-20k,北京 朝阳区 大望路,3-5年,本科
Android工程师,15k-25k,北京  ,3-5年,本科
用户运营,10k-20k,北京 朝阳区 大望路,1-3年,大专
演员/配音/模特,10k-14k,北京 朝阳区 四惠,经验不限,学历不限
新媒体运营,10k-15k,北京 海淀区 西二旗,经验不限,大专
副主编,10k-15k,北京 海淀区 莲花池,1-3年,大专
撰稿,10k-20k,北京 东城区 海运仓,3-5年,本科
电梯媒体销售总监/副总监,10k-15k,北京 朝阳区 十里堡,3-5年,大专
主笔,10k-20k,北京 海淀区 北沙滩,3-5年,本科
网络主播,10k-11k,北京 朝阳区 高碑店,经验不限,学历不限
新媒体运营,10k-20k,北京 朝阳区 呼家楼,1-3年,本科
媒介专员,10k-20k,北京 朝阳区 北苑,1年以内,大专
医学编辑,10k-15k,北京 海淀区 北沙滩,3-5年,本科
产品经理,15k-20k,北京 朝阳区 朝外,1-3年,本科
总裁/总经理/董事长助理,26k-52k,北京 朝阳区 定福庄,5-10年,本科
销售顾问,10k-20k,北京 朝阳区 望京,经验不限,大专
商学院运营经理,10k-15k,北京 朝阳区 北苑,3-5年,本科
合成组长,10k-15k,北京 朝阳区 定福庄,3-5年,大专
图形图像算法工程师,18k-25k,北京 朝阳区 花家地,1-3年,本科
销售侦探,15k-20k,北京 海淀区 魏公村,经验不限,大专
资深编辑,10k-14k,北京 海淀区 苏州街,1-3年,本科
会展活动策划,10k-20k,北京 海淀区 木樨地,1-3年,本科
CCTV品牌顾问,10k-20k,北京 大兴区 西红门,经验不限,学历不限
资深设计师,12k-18k,北京 朝阳区 建国路,3-5年,本科
编辑部主任,10k-15k,北京 朝阳区 酒仙桥,3-5年,本科
文案,8k-16k,深圳 福田区 景田,经验不限,本科
文案,3k-4k,太原  ,经验不限,学历不限
文案,5k-8k,杭州 滨江区 西兴,1年以内,本科
文案,4k-8k,深圳 龙华区 锦绣江南,1-3年,本科
文案,3k-8k,江门  ,1年以内,本科
文案编辑,8k-16k,北京 朝阳区 百子湾,经验不限,本科
文案策划,4k-8k,常州  ,3-5年,学历不限
文案策划,6k-12k,北京 朝阳区 定福庄,1-3年,本科
文案策划,6k-9k,西安  ,1-3年,本科
情感文案,5k-7k,深圳 龙岗区 平湖,应届生,大专
文案,6k-8k,杭州 江干区 火车东站,1-3年,大专
文案,3k-6k,西安  ,1-3年,大专
文案,5k-10k,上海 普陀区 长风公园,经验不限,大专
产品文案,6k-10k,上海 闵行区 虹梅路,应届生,大专
文案,8k-10k,苏州 吴中区 木渎,1年以内,本科
文案,10k-15k,北京 朝阳区 柳芳,3-5年,大专
文案策划,5k-10k,广州 天河区 珠江新城,1-3年,大专
文案策划,6k-8k,北京 朝阳区 高碑店,1-3年,学历不限
文案,4k-8k,济南 历下区 二环东路,3-5年,本科
文案,5k-8k,杭州 拱墅区 上塘,经验不限,大专
文案策划,7k-12k,上海 徐汇区 ,3-5年,本科
文案,6k-10k,上海 黄浦区 外滩,1-3年,大专
文案,12k-18k,北京 朝阳区 大望路,3-5年,学历不限
创意文案,4k-8k,成都 武侯区 ,1-3年,大专
文案,4k-8k,深圳 福田区 购物公园,1年以内,本科
文案策划,4k-8k,广州 天河区 棠下,1-3年,大专
文案,10k-20k,北京 朝阳区 百子湾,经验不限,本科
文案,5k-10k,长春  ,1年以内,本科
文案策划,5k-8k,贵阳  ,经验不限,大专
文案,4k-8k,佛山  ,1-3年,大专
内容编辑,3k-6k,广州 白云区 永平,经验不限,大专
内容编辑,3k-4k,漳州  ,1年以内,高中
内容编辑,4k-8k,金华  ,经验不限,大专
新媒体内容编辑,5k-8k,上海 长宁区 北新泾,经验不限,本科
内容编辑,6k-10k,北京 丰台区 科技园区,经验不限,大专
微博微信内容编辑,10k-20k,北京 朝阳区 十里堡,经验不限,学历不限
内容编辑,4k-8k,天津 东丽区 华明,经验不限,本科
内容编辑,4k-8k,临沂  ,1年以内,学历不限
内容编辑,4k-8k,无锡  ,1-3年,学历不限
内容编辑,6k-12k,北京 朝阳区 十里堡,1年以内,学历不限
内容编辑,10k-20k,北京 朝阳区 东大桥,1-3年,本科
内容编辑,7k-12k,上海 青浦区 徐泾,1-3年,本科
内容编辑,6k-10k,北京 门头沟区 永定,1-3年,本科
内容编辑,3k-6k,广州 天河区 岗顶,1年以内,本科
内容编辑,4k-6k,北京 西城区 德胜门,1年以内,本科
内容编辑,6k-10k,长沙  ,经验不限,大专
微信运营/新媒体运营/内容编辑,3k-6k,荆门  ,经验不限,学历不限
内容编辑,8k-12k,北京 海淀区 知春路,经验不限,本科
内容编辑,4k-6k,广州 白云区 白云大道,经验不限,大专
内容编辑,3k-6k,中山  ,1年以内,本科
内容编辑,5k-7k,杭州 滨江区 西兴,经验不限,学历不限
内容编辑,6k-8k,上海 宝山区 ,1-3年,本科
内容编辑,8k-12k,北京 朝阳区 望京,1-3年,本科
内容编辑-运营,4k-6k,北京 朝阳区 立水桥,经验不限,本科
内容编辑,2k-3k,济南 天桥区 北园大街,经验不限,学历不限
内容编辑,6k-10k,上海 长宁区 ,经验不限,本科
内容编辑,4k-8k,武汉 武昌区 水果湖,经验不限,本科
内容编辑,4k-6k,天津 滨海新区 新港,经验不限,本科
内容编辑,4k-8k,青岛  ,经验不限,大专
内容编辑,5k-10k,晋中  ,经验不限,大专
市场推广,6k-7k,兰州  ,1年以内,中专/中技
策划师/策划经理,6k-8k,东莞  ,1-3年,本科
市场推广,3k-6k,桂林  ,1年以内,高中
广告创意,3k-6k,北京 朝阳区 亚运村,1年以内,本科
销售顾问,8k-10k,三亚  ,1年以内,大专
销售顾问,4k-7k,扬州  ,经验不限,中专/中技
策划经理,8k-16k,西安 雁塔区 ,3-5年,学历不限
市场推广,4k-8k,合肥  ,1年以内,高中
BD经理,4k-8k,长春  ,1年以内,本科
广告审核,6k-10k,北京 朝阳区 双井,1-3年,本科
文案,3k-6k,西安 雁塔区 唐延路,1-3年,本科
文案,5k-6k,眉山  ,经验不限,本科
营销策划,5k-10k,重庆  ,经验不限,学历不限
销售专员,5k-10k,南宁  ,应届生,大专
广告设计师,3k-6k,成都 武侯区 ,1-3年,本科
销售专员,3k-6k,大连  ,经验不限,学历不限
销售专员,5k-10k,哈尔滨  ,经验不限,中专/中技
品牌公关,5k-6k,长沙 天心区 金盆岭,1年以内,本科
活动策划执行,4k-7k,西安 雁塔区 ,应届生,本科
策划经理,6k-12k,厦门 湖里区 禾山,3-5年,大专
文案,3k-4k,昆明  ,1年以内,学历不限
销售经理,4k-8k,重庆 渝北区 黄泥Y,1-3年,学历不限
销售专员,5k-8k,温州  ,经验不限,学历不限
销售专员,5k-10k,沈阳  ,经验不限,学历不限
广告协调,3k-6k,乌鲁木齐  ,1年以内,本科
实习市场推广,3k-6k,泉州  ,1年以内,大专
营销策划,3k-4k,柳州  ,1-3年,本科
销售专员,3k-6k,芜湖  ,1年以内,大专
销售专员,2k-3k,南通  ,1年以内,本科
销售专员,5k-8k,济宁  ,经验不限,学历不限
数据新闻编辑,10k-17k,北京  ,3-5年,本科
电商商品买手,10k-20k,北京 朝阳区 望京,1-3年,本科
高级创投组编辑,10k-20k,北京 朝阳区 国贸,3-5年,本科
视频摄影总监,10k-18k,北京 海淀区 紫竹桥,3-5年,本科
区块链研究中心经理,10k-18k,北京 朝阳区 北苑,3-5年,硕士
课程制作人,12k-24k,北京 朝阳区 东大桥,3-5年,本科
资深记者,15k-25k,北京 朝阳区 建国路,1-3年,大专
需求分析工程师,10k-20k,北京 海淀区 西二旗,1-3年,博士
公号主编,10k-20k,北京 朝阳区 柳芳,1-3年,本科
人物记者,10k-20k,北京 朝阳区 东大桥,1-3年,本科
策划总监,15k-25k,北京 朝阳区 大望路,3-5年,本科
医疗记者,12k-20k,北京 朝阳区 燕莎,1-3年,本科
BD经理,10k-20k,北京 朝阳区 团结湖,1-3年,大专
销售专员,12k-24k,北京 朝阳区 建国路,1-3年,高中
网红艺人主播,10k-15k,北京 朝阳区 酒仙桥,应届生,学历不限
制片人,15k-30k,北京 朝阳区 建国门,5-10年,大专
财经记者,10k-20k,北京 朝阳区 建国路,3-5年,本科
商业品牌拓展经理/总监,10k-20k,北京 朝阳区 呼家楼,1-3年,本科
副导演,13k-25k,北京 朝阳区 四惠,3-5年,学历不限
媒介拓展经理,13k-16k,北京 朝阳区 建国路,经验不限,本科
少儿教育产品线主管,12k-18k,北京 东城区 朝阳门,3-5年,本科
CCTV外联制片,10k-15k,北京 朝阳区 北苑,1年以内,本科
客户创作总监,10k-15k,北京 朝阳区 呼家楼,3-5年,本科
招聘主管,10k-15k,北京 海淀区 木樨地,3-5年,本科
网红艺人主播,10k-15k,北京 朝阳区 酒仙桥,经验不限,学历不限
财务主管,10k-15k,北京 朝阳区 亮马桥,3-5年,本科
主播艺人,10k-20k,北京 朝阳区 高碑店,经验不限,中专/中技
商务制片,10k-15k,北京 朝阳区 北苑,1年以内,大专
广告销售,10k-11k,北京 朝阳区 望京,经验不限,本科
渠道经理,10k-15k,北京 朝阳区 百子湾,3-5年,大专
文案,6k-8k,上海 静安区 江宁路,3-5年,本科
文案,4k-8k,济南 历城区 华龙路,经验不限,学历不限
文案策划,4k-7k,广州 天河区 龙口,经验不限,学历不限
文案,8k-10k,北京 大兴区 西红门,1年以内,本科
创意文案,8k-15k,深圳 南山区 大冲,5-10年,大专
文案策划,4k-6k,惠州  ,1年以内,本科
文案,5k-8k,广州 天河区 猎德,1年以内,本科
文案,4k-6k,江门  ,1-3年,本科
文案策划,3k-6k,济南 历下区 二环东路,1-3年,本科
资深文案,9k-18k,北京 朝阳区 定福庄,3-5年,学历不限
文案,4k-6k,西安 雁塔区 ,1-3年,大专
文案策划,4k-8k,南宁  ,1-3年,大专
编辑文案,4k-6k,漳州  ,1-3年,大专
文案策划,4k-6k,长沙 开福区 湘江中路,1-3年,大专
创意文案,6k-12k,杭州 拱墅区 和睦,1-3年,大专
文案,8k-15k,北京 海淀区 中关村,1-3年,大专
文案,4k-7k,西安 雁塔区 ,经验不限,学历不限
文案,5k-7k,广州 越秀区 黄花岗,1-3年,本科
文案,4k-8k,广州 天河区 珠江新城,1-3年,本科
文案实习,1k-2k,广州 天河区 体育中心,1年以内,本科
文案编辑,4k-8k,北京 大兴区 兴丰大街,经验不限,大专
创意文案,6k-8k,深圳 南山区 ,1-3年,大专
创意文案,5k-10k,深圳 南山区 科技园,经验不限,大专
创意文案,6k-11k,北京  ,1年以内,本科
文案策划专员,6k-11k,广州 天河区 东圃,1-3年,本科
文案,10k-12k,北京 朝阳区 国贸,3-5年,本科
文案,8k-12k,深圳 龙岗区 ,1-3年,大专
文案,7k-12k,北京 朝阳区 朝外,经验不限,本科
资深文案,5k-8k,武汉 江汉区 新华,1-3年,大专
文案,3k-6k,济南 市中区 二环南路,1-3年,本科
内容编辑,4k-8k,泸州  ,1-3年,本科
内容编辑,3k-6k,太原  ,经验不限,大专
内容编辑,5k-10k,佛山  ,应届生,大专
内容编辑,6k-12k,长沙  ,1年以内,大专
内容编辑,3k-6k,石家庄  ,经验不限,大专
内容编辑,3k-4k,青岛  ,经验不限,大专
新媒体内容编辑,6k-10k,北京 朝阳区 呼家楼,1-3年,本科
内容编辑,3k-5k,郑州 中原区 建设路,经验不限,学历不限
内容编辑,4k-8k,大连  ,1年以内,本科
内容编辑,3k-6k,杭州 上城区 南星,1-3年,大专
内容编辑,3k-6k,西安 未央区 张家堡,经验不限,本科
视觉内容编辑,8k-15k,北京 昌平区 天通苑,经验不限,本科
内容编辑,4k-7k,合肥  ,1年以内,大专
内容编辑,6k-10k,北京 朝阳区 潘家园,1-3年,本科
内容编辑,3k-6k,长沙 天心区 书院南路,应届生,大专
美妆编辑、内容编辑,4k-7k,苏州 吴江区 吴江,1-3年,本科
内容编辑,3k-5k,南阳  ,1-3年,本科
内容编辑,3k-6k,濮阳  ,经验不限,大专
内容编辑,4k-8k,杭州 拱墅区 拱宸桥,经验不限,大专
内容编辑,3k-6k,太原  ,经验不限,本科
内容编辑,5k-10k,广州 海珠区 琶洲,经验不限,本科
篮球内容编辑,4k-5k,深圳 罗湖区 黄贝岭,1-3年,本科
海外内容编辑,5k-7k,天津 河西区 大直沽,经验不限,本科
新媒体内容编辑,6k-8k,北京 西城区 陶然亭,1-3年,本科
内容编辑,6k-8k,北京 朝阳区 望京,1年以内,本科
内容编辑,8k-12k,上海 浦东新区 康桥,1年以内,本科
内容编辑,6k-8k,上海 闵行区 ,3-5年,本科
内容编辑,6k-8k,上海 长宁区 中山公园,1-3年,本科
淘宝有好货写手/奢侈品内容编辑,1k-2k,郑州 管城回族区 ,经验不限,大专
内容编辑,4k-5k,深圳 南山区 大冲,应届生,本科
市场推广管理人员,4k-8k,淄博  ,1年以内,大专
项目专员,3k-6k,唐山  ,经验不限,学历不限
高级市场推广,3k-6k,长沙 天心区 芙蓉中路,经验不限,大专
销售经理,3k-6k,钦州  ,1年以内,学历不限
文案,3k-6k,太原  ,1年以内,本科
市场营销,10k-11k,杭州  ,经验不限,大专
活动策划,4k-8k,长沙 开福区 新河,1-3年,本科
策划经理,8k-12k,深圳 南山区 海上世界,1-3年,本科
销售经理,6k-12k,宁波  ,经验不限,学历不限
销售,5k-10k,台州  ,经验不限,高中
品牌公关,4k-5k,深圳 罗湖区 黄贝岭,1年以内,本科
广告销售,3k-5k,遵义  ,经验不限,学历不限
SEM专员/竞价专员,3k-4k,合肥  ,1-3年,学历不限
销售顾问,10k-11k,深圳 南山区 西丽,1年以内,高中
销售专员,3k-6k,保定  ,1-3年,大专
媒介合作,8k-10k,武汉 江岸区 永清,1-3年,大专
策划经理,4k-8k,南京 江宁区 东山,经验不限,大专
文案,8k-15k,深圳 福田区 益田村,3-5年,本科
销售专员,4k-6k,烟台  ,经验不限,学历不限
销售专员,3k-5k,宝鸡  ,1年以内,大专
会展活动执行,3k-5k,郑州  ,1年以内,学历不限
销售专员,5k-10k,贵阳  ,1年以内,本科
销售专员,4k-7k,太原  ,经验不限,学历不限
招商经理,4k-8k,太原  ,经验不限,学历不限
销售代表,4k-8k,广州 天河区 东圃,经验不限,学历不限
文案,9k-10k,郑州 金水区 ,1-3年,大专
销售经理,3k-4k,盐城  ,经验不限,学历不限
策划总监,5k-7k,西安 新城区 解放路,1年以内,本科
活动策划执行,2k-4k,成都 锦江区 ,1年以内,大专
销售总监,5k-10k,淄博  ,经验不限,学历不限
